{
    "rotation": {
        "angle": 12.144278049567005
    },
    "crop": {
        "zone": [
            128,
            117,
            478,
            399
        ]
    },
    "filter": {
        "type": "gaussian",
        "size": 2.9000000000000004
    },
    "subtraction": {
        "reference": [
            0,
            1,
            2,
            3,
            4,
            5,
            6,
            7,
            8,
            9
        ],
        "relative": true
    }
}