{
    "1": {
        "10": {
            "x": [
                150.0,
                149.0,
                148.0,
                147.52,
                147.0,
                146.0,
                145.46153846153845,
                145.0,
                144.22222222222223,
                144.0,
                143.02325581395348,
                143.0,
                142.53333333333333,
                142.0,
                141.67924528301887,
                141.23529411764707,
                141.0,
                140.97142857142856,
                140.5857142857143,
                140.6530612244898,
                140.675,
                141.0,
                141.06493506493507,
                141.28333333333333,
                141.93478260869566,
                142.0,
                142.65217391304347,
                143.0,
                144.0,
                145.0,
                146.0,
                147.0,
                148.0,
                148.2,
                149.0,
                149.90740740740742,
                150.0,
                151.0,
                151.05405405405406,
                152.0,
                152.71014492753622,
                153.0,
                153.2962962962963,
                153.67164179104478,
                153.875,
                153.94444444444446,
                153.98837209302326,
                153.93150684931507,
                153.5,
                153.0,
                152.91764705882352,
                152.1764705882353,
                152.0,
                151.0,
                150.64,
                150.0
            ],
            "y": [
                274.4848484848485,
                274.5833333333333,
                274.3333333333333,
                274.0,
                273.77966101694915,
                273.2121212121212,
                273.0,
                272.77777777777777,
                272.0,
                271.875,
                271.0,
                270.95454545454544,
                270.0,
                269.4146341463415,
                269.0,
                268.0,
                267.0769230769231,
                267.0,
                266.0,
                265.0,
                264.0,
                263.27777777777777,
                263.0,
                262.0,
                261.0,
                260.90909090909093,
                260.0,
                259.6521739130435,
                259.23728813559325,
                259.17105263157896,
                259.2432432432432,
                259.46666666666664,
                259.8679245283019,
                260.0,
                260.3636363636364,
                261.0,
                261.05882352941177,
                261.9375,
                262.0,
                263.0,
                264.0,
                264.55555555555554,
                265.0,
                266.0,
                267.0,
                268.0,
                269.0,
                270.0,
                271.0,
                271.8,
                272.0,
                273.0,
                273.19354838709677,
                273.8636363636364,
                274.0,
                274.4848484848485
            ]
        },
        "11": {
            "x": [
                151.0,
                150.0,
                149.0,
                148.0,
                147.12121212121212,
                147.0,
                146.0,
                145.08695652173913,
                145.0,
                144.13636363636363,
                144.0,
                143.04166666666666,
                143.0,
                142.58333333333334,
                142.0,
                141.7962962962963,
                141.46808510638297,
                141.21212121212122,
                141.0,
                140.796875,
                141.0,
                141.06153846153848,
                141.21052631578948,
                141.6,
                142.0,
                142.0735294117647,
                142.8139534883721,
                143.0,
                144.0,
                144.33333333333334,
                145.0,
                146.0,
                147.0,
                147.1,
                148.0,
                149.0,
                149.52777777777777,
                150.0,
                150.92537313432837,
                151.0,
                151.88709677419354,
                152.0,
                152.73333333333332,
                153.0,
                153.35849056603774,
                153.77142857142857,
                154.0,
                154.05,
                154.26984126984127,
                154.40677966101694,
                154.29032258064515,
                154.0,
                153.91780821917808,
                153.52542372881356,
                153.0,
                152.0,
                151.95652173913044,
                151.0
            ],
            "y": [
                274.56410256410254,
                274.8627450980392,
                274.84,
                274.65909090909093,
                274.0,
                273.943661971831,
                273.48837209302326,
                273.0,
                272.95,
                272.0,
                271.88461538461536,
                271.0,
                270.90909090909093,
                270.0,
                269.28205128205127,
                269.0,
                268.0,
                267.0,
                266.48148148148147,
                266.0,
                265.2352941176471,
                265.0,
                264.0,
                263.0,
                262.18518518518516,
                262.0,
                261.0,
                260.7647058823529,
                260.07575757575756,
                260.0,
                259.8181818181818,
                259.82978723404256,
                259.96363636363634,
                260.0,
                260.2142857142857,
                260.703125,
                261.0,
                261.2151898734177,
                262.0,
                262.0833333333333,
                263.0,
                263.1372549019608,
                264.0,
                264.45714285714286,
                265.0,
                266.0,
                266.8888888888889,
                267.0,
                268.0,
                269.0,
                270.0,
                270.75,
                271.0,
                272.0,
                273.0,
                273.9761904761905,
                274.0,
                274.56410256410254
            ]
        }
    },