num	folder	filename	time (unix)
0	img1	img-00610.png	1620833065.6892169
1	img1	img-00611.png	1620833065.6904755
2	img1	img-00612.png	1620833065.691865
3	img1	img-00613.png	1620833065.693718
4	img1	img-00614.png	1620833065.6948104
5	img1	img-00615.png	1620833065.6964264
6	img1	img-00616.png	1620833065.6975844
7	img1	img-00617.png	1620833065.6983905
8	img1	img-00618.png	1620833065.7013495
9	img1	img-00619.png	1620833065.7027395
10	img1	img-00620.png	1620833065.7039127
11	img1	img-00621.png	1620833065.7046478
12	img1	img-00622.png	1620833065.7059646
13	img1	img-00623.png	1620833065.7077358
14	img1	img-00624.png	1620833065.7088947
15	img1	img-00625.png	1620833065.7136464
16	img1	img-00626.png	1620833065.7178724
17	img1	img-00627.png	1620833065.72
18	img1	img-00628.png	1620833065.7252657
19	img1	img-00629.png	1620833065.7317548
20	img1	img-00630.png	1620833065.7377777
21	img1	img-00631.png	1620833065.7418637
22	img1	img-00632.png	1620833065.744053
23	img1	img-00633.png	1620833065.745434
24	img1	img-00634.png	1620833065.7481334
25	img1	img-00635.png	1620833065.75019
26	img1	img-00636.png	1620833065.7566211
27	img1	img-00637.png	1620833065.7583044
28	img1	img-00638.png	1620833065.7603018
29	img1	img-00639.png	1620833065.7619247
30	img2	img-00640.png	1620833065.7635365
31	img2	img-00641.png	1620833065.7646148
32	img2	img-00642.png	1620833065.765407
33	img2	img-00643.png	1620833065.7661557
34	img2	img-00644.png	1620833065.767653
35	img2	img-00645.png	1620833065.7683897
36	img2	img-00646.png	1620833065.7695217
37	img2	img-00647.png	1620833065.7704844
38	img2	img-00648.png	1620833065.7712867
39	img2	img-00649.png	1620833065.7722654
40	img2	img-00650.png	1620833065.7732308
41	img2	img-00651.png	1620833065.7738886
42	img2	img-00652.png	1620833065.7751188
43	img2	img-00653.png	1620833065.7759426
44	img2	img-00654.png	1620833065.7777302
45	img2	img-00655.png	1620833065.7795196
46	img2	img-00656.png	1620833065.7816577
47	img2	img-00657.png	1620833065.782949
48	img2	img-00658.png	1620833065.7842324
49	img2	img-00659.png	1620833065.7852886
