num	folder	filename	time (unix)
0	img1	img-00610.png	1696407500.5575051
1	img1	img-00611.png	1696407500.5580437
2	img1	img-00612.png	1696407500.5605814
3	img1	img-00613.png	1696407500.5611672
4	img1	img-00614.png	1696407500.5617197
5	img1	img-00615.png	1696407500.5623536
6	img1	img-00616.png	1696407500.5629232
7	img1	img-00617.png	1696407500.5635026
8	img1	img-00618.png	1696407500.563879
9	img1	img-00619.png	1696407500.5644526
10	img1	img-00620.png	1696407500.565036
11	img1	img-00621.png	1696407500.565599
12	img1	img-00622.png	1696407500.5661519
13	img1	img-00623.png	1696407500.568697
14	img1	img-00624.png	1696407500.5692697
15	img1	img-00625.png	1696407500.569843
16	img1	img-00626.png	1696407500.570399
17	img1	img-00627.png	1696407500.570762
18	img1	img-00628.png	1696407500.5713081
19	img1	img-00629.png	1696407500.5718553
20	img1	img-00630.png	1696407500.5724716
21	img1	img-00631.png	1696407500.5730438
22	img1	img-00632.png	1696407500.5735729
23	img1	img-00633.png	1696407500.5741086
24	img1	img-00634.png	1696407500.5746543
25	img1	img-00635.png	1696407500.5769722
26	img1	img-00636.png	1696407500.5775576
27	img1	img-00637.png	1696407500.578124
28	img1	img-00638.png	1696407500.5787196
29	img1	img-00639.png	1696407500.5793395
30	img2	img-00640.png	1696407500.5799427
31	img2	img-00641.png	1696407500.5805032
32	img2	img-00642.png	1696407500.5810287
33	img2	img-00643.png	1696407500.581545
34	img2	img-00644.png	1696407500.5820785
35	img2	img-00645.png	1696407500.5824857
36	img2	img-00646.png	1696407500.5830307
37	img2	img-00647.png	1696407500.5856202
38	img2	img-00648.png	1696407500.5862212
39	img2	img-00649.png	1696407500.5868068
40	img2	img-00650.png	1696407500.587401
41	img2	img-00651.png	1696407500.5879824
42	img2	img-00652.png	1696407500.5885756
43	img2	img-00653.png	1696407500.5891473
44	img2	img-00654.png	1696407500.589524
45	img2	img-00655.png	1696407500.590092
46	img2	img-00656.png	1696407500.590618
47	img2	img-00657.png	1696407500.5911458
48	img2	img-00658.png	1696407500.59174
49	img2	img-00659.png	1696407500.5942588
