num	folder	filename	time (unix)	x1	y1	p1	a1	x2	y2	p2	a2	x3	y3	p3	a3
10	img1	img-00620.png	1599832417.140459	147.32159816523225	266.7370221595187	44.68586080611216	-150.70138384952259	283.43310772427566	286.9812976172301	48.23994962865704	-175.43964916767035	322.9898703929179	249.8820309993573	38.530215101465174	-112.83711568582285
11	img1	img-00621.png	1599832419.1411104	147.6970274555943	267.2459202569352	44.21017119526758	-148.30146468112912	283.45325428787214	287.3958801153156	47.5520480359544	-172.61404408378806	322.9954083688288	250.38298179407164	38.22409282636715	-111.45203592261893
