{
    "grayscale": {},
    "rotation": {
        "angle": 61.522635354115074
    },
    "crop": {
        "zone": [
            181,
            222,
            402,
            331
        ]
    },
    "filter": {
        "type": "gaussian",
        "size": 1.9000000000000001
    },
    "subtraction": {
        "reference": [
            0,
            1,
            2,
            3,
            4,
            5,
            6,
            7,
            8,
            9
        ],
        "relative": true
    },
    "threshold": {
        "vmin": -0.16373668063067637,
        "vmax": 0.005499651534896621
    }
}