{
    "rotation": {
        "angle": 8.42696902148066
    },
    "crop": {
        "zone": [
            99,
            103,
            496,
            427
        ]
    },
    "filter": {
        "type": "gaussian",
        "size": 4.1000000000000005
    }
}